"content_id","source","block","screen","context_block","context_note","content_path","current_text","new_text","status","note"
"CNT_31c90e4f09","AGE_PROFILES","age_profiles","global","Возрастные профили","Тексты hero/выгоды для возрастных сегментов","AGE_PROFILES.0.ageText","Возраст: 7-9 лет -> Scratch + базовый Python","","todo",""
"CNT_326c862ae2","AGE_PROFILES","age_profiles","global","Возрастные профили","Тексты hero/выгоды для возрастных сегментов","AGE_PROFILES.0.benefits.0.text","IT-проекты по уровню","","todo",""
"CNT_c7e11b4c67","AGE_PROFILES","age_profiles","global","Возрастные профили","Тексты hero/выгоды для возрастных сегментов","AGE_PROFILES.0.benefits.1.text","Внутренняя экономика и лагерная валюта","","todo",""
"CNT_cee8b98b26","AGE_PROFILES","age_profiles","global","Возрастные профили","Тексты hero/выгоды для возрастных сегментов","AGE_PROFILES.0.benefits.2.text","Собственный бассейн каждый день","","todo",""
"CNT_cf2fe99f64","AGE_PROFILES","age_profiles","global","Возрастные профили","Тексты hero/выгоды для возрастных сегментов","AGE_PROFILES.0.id","7-9","","todo",""
"CNT_66aefdc7ac","AGE_PROFILES","age_profiles","global","Возрастные профили","Тексты hero/выгоды для возрастных сегментов","AGE_PROFILES.0.progress","63 % - мест занято","","todo",""
"CNT_cd3967a0c8","AGE_PROFILES","age_profiles","global","Возрастные профили","Тексты hero/выгоды для возрастных сегментов","AGE_PROFILES.0.subtitle","Для детей 7-14 лет: свои IT-проекты, бассейн и спорт каждый день, внутренняя экономика с лагерной валютой.","","todo",""
"CNT_fb87b3a35d","AGE_PROFILES","age_profiles","global","Возрастные профили","Тексты hero/выгоды для возрастных сегментов","AGE_PROFILES.0.title","AiDaCamp: IT-лагерь без телефонов в Подмосковье","","todo",""
"CNT_30fc4200a5","AGE_PROFILES","age_profiles","global","Возрастные профили","Тексты hero/выгоды для возрастных сегментов","AGE_PROFILES.1.ageText","Возраст: 10-12 лет -> Python + веб","","todo",""
"CNT_3102cb2f5b","AGE_PROFILES","age_profiles","global","Возрастные профили","Тексты hero/выгоды для возрастных сегментов","AGE_PROFILES.1.benefits.0.text","Практика Python и веб-разработки","","todo",""
"CNT_d21999f2f7","AGE_PROFILES","age_profiles","global","Возрастные профили","Тексты hero/выгоды для возрастных сегментов","AGE_PROFILES.1.benefits.1.text","Экономические игровые механики","","todo",""
"CNT_ea5e5d5e4e","AGE_PROFILES","age_profiles","global","Возрастные профили","Тексты hero/выгоды для возрастных сегментов","AGE_PROFILES.1.benefits.2.text","Бассейн и спорт ежедневно","","todo",""
"CNT_82464c81e3","AGE_PROFILES","age_profiles","global","Возрастные профили","Тексты hero/выгоды для возрастных сегментов","AGE_PROFILES.1.id","10-12","","todo",""
"CNT_2b780dae5e","AGE_PROFILES","age_profiles","global","Возрастные профили","Тексты hero/выгоды для возрастных сегментов","AGE_PROFILES.1.progress","58 % - мест занято","","todo",""
"CNT_48979c3958","AGE_PROFILES","age_profiles","global","Возрастные профили","Тексты hero/выгоды для возрастных сегментов","AGE_PROFILES.1.subtitle","Для детей 10-12 лет: Python, веб-проекты, командные задачи и баланс учебы, спорта и отдыха.","","todo",""
"CNT_a19d82c6e8","AGE_PROFILES","age_profiles","global","Возрастные профили","Тексты hero/выгоды для возрастных сегментов","AGE_PROFILES.1.title","AiDaCamp: IT-лагерь без телефонов в Подмосковье","","todo",""
"CNT_9fb7a4f749","AGE_PROFILES","age_profiles","global","Возрастные профили","Тексты hero/выгоды для возрастных сегментов","AGE_PROFILES.2.ageText","Возраст: 13-14 лет -> AI + проектная работа","","todo",""
"CNT_4336f3cf7c","AGE_PROFILES","age_profiles","global","Возрастные профили","Тексты hero/выгоды для возрастных сегментов","AGE_PROFILES.2.benefits.0.text","AI-инструменты и прикладные кейсы","","todo",""
"CNT_4faf7a43a2","AGE_PROFILES","age_profiles","global","Возрастные профили","Тексты hero/выгоды для возрастных сегментов","AGE_PROFILES.2.benefits.1.text","Управление бюджетом командных проектов","","todo",""
"CNT_52d378a2cb","AGE_PROFILES","age_profiles","global","Возрастные профили","Тексты hero/выгоды для возрастных сегментов","AGE_PROFILES.2.benefits.2.text","Фокус на режиме, здоровье и спорте","","todo",""
"CNT_24bfe56cf6","AGE_PROFILES","age_profiles","global","Возрастные профили","Тексты hero/выгоды для возрастных сегментов","AGE_PROFILES.2.id","13-14","","todo",""
"CNT_10ade280ec","AGE_PROFILES","age_profiles","global","Возрастные профили","Тексты hero/выгоды для возрастных сегментов","AGE_PROFILES.2.progress","49 % - мест занято","","todo",""
"CNT_e56739a9bc","AGE_PROFILES","age_profiles","global","Возрастные профили","Тексты hero/выгоды для возрастных сегментов","AGE_PROFILES.2.subtitle","Для детей 13-14 лет: AI-интенсив, хакатоны, презентация проектов и продуктовый подход.","","todo",""
"CNT_1656f284b5","AGE_PROFILES","age_profiles","global","Возрастные профили","Тексты hero/выгоды для возрастных сегментов","AGE_PROFILES.2.title","AiDaCamp: IT-лагерь без телефонов в Подмосковье","","todo",""
"CNT_bcb3eca6c4","CONTENT_MAP","content_map","global","AI-блок","Поясняющие абзацы в блоке AI","CONTENT_MAP.aiCopy.0","ИИ не заменит людей — он заменит тех, кто не умеет с ним работать.","","todo",""
"CNT_678258760c","CONTENT_MAP","content_map","global","AI-блок","Поясняющие абзацы в блоке AI","CONTENT_MAP.aiCopy.1","Настоящая угроза не в роботах, а в том, что ваш ребёнок вырастет потребителем ИИ, а не его создателем. Разница в доходах между этими двумя группами — уже сейчас в 3–5 раз.","","todo",""
"CNT_b9216ba706","CONTENT_MAP","content_map","global","AI-блок","Поясняющие абзацы в блоке AI","CONTENT_MAP.aiCopy.2","На нашем лагере дети за 13 дней строят реальные AI-проекты: нейросети, ботов, компьютерное зрение. Не «играют в программирование» — а создают то, что работает.","","todo",""
"CNT_ceb2c3d9ff","CONTENT_MAP","content_map","global","AI-блок","Статистические тезисы в блоке AI","CONTENT_MAP.aiStats.0.label","Больше зарплата","","todo",""
"CNT_49bbec8212","CONTENT_MAP","content_map","global","AI-блок","Статистические тезисы в блоке AI","CONTENT_MAP.aiStats.0.text","у разработчиков с AI-навыками — это +18 000 $ в год к зарплате обычного программиста.","","todo",""
"CNT_efe6bd1d2a","CONTENT_MAP","content_map","global","AI-блок","Статистические тезисы в блоке AI","CONTENT_MAP.aiStats.0.value","+43%","","todo",""
"CNT_8552aca538","CONTENT_MAP","content_map","global","AI-блок","Статистические тезисы в блоке AI","CONTENT_MAP.aiStats.1.label","разработчиков владеют AI-стеком","","todo",""
"CNT_ca08c7cf82","CONTENT_MAP","content_map","global","AI-блок","Статистические тезисы в блоке AI","CONTENT_MAP.aiStats.1.value","<1%","","todo",""
"CNT_ca513e778a","CONTENT_MAP","content_map","global","AI-блок","Статистические тезисы в блоке AI","CONTENT_MAP.aiStats.2.label","новых рабочих мест создаст ИИ к 2025 г. (WEF)","","todo",""
"CNT_3c142cf595","CONTENT_MAP","content_map","global","AI-блок","Статистические тезисы в блоке AI","CONTENT_MAP.aiStats.2.value","97M","","todo",""
"CNT_40c5124de5","CONTENT_MAP","content_map","global","AI-блок","Статистические тезисы в блоке AI","CONTENT_MAP.aiStats.3.label","рутинных должностей автоматизируют — но не творческих","","todo",""
"CNT_8636f5db0a","CONTENT_MAP","content_map","global","AI-блок","Статистические тезисы в блоке AI","CONTENT_MAP.aiStats.3.value","85M","","todo",""
"CNT_6b904a042f","CONTENT_MAP","content_map","global","AI-блок","Статистические тезисы в блоке AI","CONTENT_MAP.aiStats.4.label","быстрее растут вакансии AI/ML vs обычный IT","","todo",""
"CNT_10ce3b6843","CONTENT_MAP","content_map","global","AI-блок","Статистические тезисы в блоке AI","CONTENT_MAP.aiStats.4.value","↑2×","","todo",""
"CNT_7a1d632713","CONTENT_MAP","content_map","desktop","FAQ","Вопросы и ответы по категориям","CONTENT_MAP.faqItems.communication.0","Будет ли телефон у ребёнка?","","todo",""
"CNT_c54355d71d","CONTENT_MAP","content_map","desktop","FAQ","Вопросы и ответы по категориям","CONTENT_MAP.faqItems.communication.1","Как следить что происходит?","","todo",""
"CNT_2fe33b80c3","CONTENT_MAP","content_map","desktop","FAQ","Вопросы и ответы по категориям","CONTENT_MAP.faqItems.food.0","Сколько раз кормят?","","todo",""
"CNT_b5ce51fb97","CONTENT_MAP","content_map","desktop","FAQ","Вопросы и ответы по категориям","CONTENT_MAP.faqItems.food.1","Учитываются аллергии?","","todo",""
"CNT_2557cb812a","CONTENT_MAP","content_map","desktop","FAQ","Вопросы и ответы по категориям","CONTENT_MAP.faqItems.living.0","Сколько детей в комнате?","","todo",""
"CNT_d8530dda1f","CONTENT_MAP","content_map","desktop","FAQ","Вопросы и ответы по категориям","CONTENT_MAP.faqItems.medicine.0","Есть ли медик в лагере?","","todo",""
"CNT_819629330e","CONTENT_MAP","content_map","desktop","FAQ","Вопросы и ответы по категориям","CONTENT_MAP.faqItems.medicine.1","Что если ребёнок заболеет?","","todo",""
"CNT_3e7e9e2b4b","CONTENT_MAP","content_map","desktop","FAQ","Вопросы и ответы по категориям","CONTENT_MAP.faqItems.medicine.2","Можно давать лекарства?","","todo",""
"CNT_46f96fdaa8","CONTENT_MAP","content_map","desktop","FAQ","Вопросы и ответы по категориям","CONTENT_MAP.faqItems.security.0","Территория закрыта?","","todo",""
"CNT_cb8092b4b3","CONTENT_MAP","content_map","desktop","FAQ","Вопросы и ответы по категориям","CONTENT_MAP.faqItems.security.1","Сколько детей на вожатого?","","todo",""
"CNT_6ad4518107","CONTENT_MAP","content_map","desktop","FAQ","Вкладки категорий FAQ","CONTENT_MAP.faqTabs.0.id","medicine","","todo",""
"CNT_cca22d29e0","CONTENT_MAP","content_map","desktop","FAQ","Вкладки категорий FAQ","CONTENT_MAP.faqTabs.0.label","Медицина","","todo",""
"CNT_765b94912d","CONTENT_MAP","content_map","desktop","FAQ","Вкладки категорий FAQ","CONTENT_MAP.faqTabs.1.id","security","","todo",""
"CNT_ec09657f61","CONTENT_MAP","content_map","desktop","FAQ","Вкладки категорий FAQ","CONTENT_MAP.faqTabs.1.label","Безопасность","","todo",""
"CNT_f334492a8f","CONTENT_MAP","content_map","desktop","FAQ","Вкладки категорий FAQ","CONTENT_MAP.faqTabs.2.id","food","","todo",""
"CNT_4d0fdbabfc","CONTENT_MAP","content_map","desktop","FAQ","Вкладки категорий FAQ","CONTENT_MAP.faqTabs.2.label","Питание","","todo",""
"CNT_94e08a88f3","CONTENT_MAP","content_map","desktop","FAQ","Вкладки категорий FAQ","CONTENT_MAP.faqTabs.3.id","living","","todo",""
"CNT_d5e1284acf","CONTENT_MAP","content_map","desktop","FAQ","Вкладки категорий FAQ","CONTENT_MAP.faqTabs.3.label","Проживание","","todo",""
"CNT_254b0b3792","CONTENT_MAP","content_map","desktop","FAQ","Вкладки категорий FAQ","CONTENT_MAP.faqTabs.4.id","communication","","todo",""
"CNT_5f49cf3dd7","CONTENT_MAP","content_map","desktop","FAQ","Вкладки категорий FAQ","CONTENT_MAP.faqTabs.4.label","Связь","","todo",""
"CNT_987fd1a738","CONTENT_MAP","content_map","global","Футер","Бренд, подпись и нижняя информация","CONTENT_MAP.footer.brand","© AiDaCamp","","todo",""
"CNT_35f9c112f6","CONTENT_MAP","content_map","global","Футер","Бренд, подпись и нижняя информация","CONTENT_MAP.footer.tagline","Лагерь в Подмосковье для детей 7-14 лет","","todo",""
"CNT_d78131fab7","CONTENT_MAP","content_map","global","Блок формата","Условия, безопасность, бронирование","CONTENT_MAP.formatCards.0.list.0","IT-проекты по уровню ребёнка","","todo",""
"CNT_23d61bf5b0","CONTENT_MAP","content_map","global","Блок формата","Условия, безопасность, бронирование","CONTENT_MAP.formatCards.0.list.1","Бассейн каждый день","","todo",""
"CNT_f94d5a6076","CONTENT_MAP","content_map","global","Блок формата","Условия, безопасность, бронирование","CONTENT_MAP.formatCards.0.list.2","Внутренняя экономика и лагерная валюта","","todo",""
"CNT_ec252dc5f5","CONTENT_MAP","content_map","global","Блок формата","Условия, безопасность, бронирование","CONTENT_MAP.formatCards.0.list.3","Командные активности и спорт","","todo",""
"CNT_621ec35cfa","CONTENT_MAP","content_map","global","Блок формата","Условия, безопасность, бронирование","CONTENT_MAP.formatCards.0.title","Что внутри смены","","todo",""
"CNT_1559d028fc","CONTENT_MAP","content_map","global","Блок формата","Условия, безопасность, бронирование","CONTENT_MAP.formatCards.1.list.0","Медик 24/7 на территории","","todo",""
"CNT_08b8382425","CONTENT_MAP","content_map","global","Блок формата","Условия, безопасность, бронирование","CONTENT_MAP.formatCards.1.list.1","Закрытая территория и охрана","","todo",""
"CNT_3a5746b4cf","CONTENT_MAP","content_map","global","Блок формата","Условия, безопасность, бронирование","CONTENT_MAP.formatCards.1.list.2","Организованный режим и звонки родителям","","todo",""
"CNT_73c463e948","CONTENT_MAP","content_map","global","Блок формата","Условия, безопасность, бронирование","CONTENT_MAP.formatCards.1.list.3","Безопасность, условия проживания и организованный режим","","todo",""
"CNT_94f26906c9","CONTENT_MAP","content_map","global","Блок формата","Условия, безопасность, бронирование","CONTENT_MAP.formatCards.1.title","Безопасность и условия","","todo",""
"CNT_36a5130c8a","CONTENT_MAP","content_map","global","Блок формата","Условия, безопасность, бронирование","CONTENT_MAP.formatCards.2.text","Все актуальные смены, места и финальные цены остаются в интерактивном блоке выше. Кнопка в меню ведёт прямо к нему, а форма заявки остаётся рабочей.","","todo",""
"CNT_234378df93","CONTENT_MAP","content_map","global","Блок формата","Условия, безопасность, бронирование","CONTENT_MAP.formatCards.2.title","Бронирование и цены","","todo",""
"CNT_1b9c6a9fa0","CONTENT_MAP","content_map","desktop","Локация","Адрес, ориентиры, карта и близлежащая инфраструктура","CONTENT_MAP.location.mapUrl","https://yandex.ru/map-widget/v1/?ll=36.719422%2C55.261573&z=15&pt=36.719422,55.261573,pm2rdm","","todo",""
"CNT_0a8b3657d6","CONTENT_MAP","content_map","desktop","Локация","Адрес, ориентиры, карта и близлежащая инфраструктура","CONTENT_MAP.location.nearby.0","🚗 60 км по Киевскому шоссе","","todo",""
"CNT_420d5f16e4","CONTENT_MAP","content_map","desktop","Локация","Адрес, ориентиры, карта и близлежащая инфраструктура","CONTENT_MAP.location.nearby.1","🚌 Трансфер от м. Юго-Западная","","todo",""
"CNT_40b0aceadc","CONTENT_MAP","content_map","desktop","Локация","Адрес, ориентиры, карта и близлежащая инфраструктура","CONTENT_MAP.location.nearby.2","🌳 Закрытая территория 14 га","","todo",""
"CNT_6d95666f17","CONTENT_MAP","content_map","desktop","Локация","Адрес, ориентиры, карта и близлежащая инфраструктура","CONTENT_MAP.location.nearby.3","🏊 Бассейн, спорт, лес","","todo",""
"CNT_9196869319","CONTENT_MAP","content_map","desktop","Локация","Адрес, ориентиры, карта и близлежащая инфраструктура","CONTENT_MAP.location.where.0","📍 60 км от Москвы · Киевское шоссе","","todo",""
"CNT_443b0cf76c","CONTENT_MAP","content_map","desktop","Локация","Адрес, ориентиры, карта и близлежащая инфраструктура","CONTENT_MAP.location.where.1","Санаторий «Изумруд», Наро-Фоминский район","","todo",""
"CNT_f0136d1840","CONTENT_MAP","content_map","global","Навигация","Пункты верхнего меню/якорей","CONTENT_MAP.menu.0.href","#program","","todo",""
"CNT_5437a929b0","CONTENT_MAP","content_map","global","Навигация","Пункты верхнего меню/якорей","CONTENT_MAP.menu.0.key","info","","todo",""
"CNT_08f8b45410","CONTENT_MAP","content_map","global","Навигация","Пункты верхнего меню/якорей","CONTENT_MAP.menu.0.label","О лагере","","todo",""
"CNT_9bb990c449","CONTENT_MAP","content_map","global","Навигация","Пункты верхнего меню/якорей","CONTENT_MAP.menu.1.href","#ai","","todo",""
"CNT_6ec44a2295","CONTENT_MAP","content_map","global","Навигация","Пункты верхнего меню/якорей","CONTENT_MAP.menu.1.key","aiprogram","","todo",""
"CNT_b0e8c79712","CONTENT_MAP","content_map","global","Навигация","Пункты верхнего меню/якорей","CONTENT_MAP.menu.1.label","AI программы","","todo",""
"CNT_9a4250c803","CONTENT_MAP","content_map","global","Навигация","Пункты верхнего меню/якорей","CONTENT_MAP.menu.2.href","#location","","todo",""
"CNT_a5ca4b7678","CONTENT_MAP","content_map","global","Навигация","Пункты верхнего меню/якорей","CONTENT_MAP.menu.2.key","location","","todo",""
"CNT_e35775672f","CONTENT_MAP","content_map","global","Навигация","Пункты верхнего меню/якорей","CONTENT_MAP.menu.2.label","Локация","","todo",""
"CNT_b832b120e2","CONTENT_MAP","content_map","global","Навигация","Пункты верхнего меню/якорей","CONTENT_MAP.menu.3.href","#photos","","todo",""
"CNT_a23e611a5f","CONTENT_MAP","content_map","global","Навигация","Пункты верхнего меню/якорей","CONTENT_MAP.menu.3.key","photo","","todo",""
"CNT_d8131d10ae","CONTENT_MAP","content_map","global","Навигация","Пункты верхнего меню/якорей","CONTENT_MAP.menu.3.label","Фото","","todo",""
"CNT_11c9402c9d","CONTENT_MAP","content_map","global","Навигация","Пункты верхнего меню/якорей","CONTENT_MAP.menu.4.href","#video","","todo",""
"CNT_13c3683e7d","CONTENT_MAP","content_map","global","Навигация","Пункты верхнего меню/якорей","CONTENT_MAP.menu.4.key","video","","todo",""
"CNT_daf2a496c1","CONTENT_MAP","content_map","global","Навигация","Пункты верхнего меню/якорей","CONTENT_MAP.menu.4.label","Видео","","todo",""
"CNT_dd02936b6c","CONTENT_MAP","content_map","global","Навигация","Пункты верхнего меню/якорей","CONTENT_MAP.menu.5.href","#faq","","todo",""
"CNT_de65d56ba5","CONTENT_MAP","content_map","global","Навигация","Пункты верхнего меню/якорей","CONTENT_MAP.menu.5.key","faq","","todo",""
"CNT_ae1607fc5f","CONTENT_MAP","content_map","global","Навигация","Пункты верхнего меню/якорей","CONTENT_MAP.menu.5.label","FAQ","","todo",""
"CNT_00dfe42953","CONTENT_MAP","content_map","global","Навигация","Пункты верхнего меню/якорей","CONTENT_MAP.menu.6.href","#reviews","","todo",""
"CNT_8d76963997","CONTENT_MAP","content_map","global","Навигация","Пункты верхнего меню/якорей","CONTENT_MAP.menu.6.key","reviews","","todo",""
"CNT_2187874ec3","CONTENT_MAP","content_map","global","Навигация","Пункты верхнего меню/якорей","CONTENT_MAP.menu.6.label","Отзывы","","todo",""
"CNT_93d15ba5ea","CONTENT_MAP","content_map","global","Навигация","Пункты верхнего меню/якорей","CONTENT_MAP.menu.7.href","#team","","todo",""
"CNT_eb675f0c7c","CONTENT_MAP","content_map","global","Навигация","Пункты верхнего меню/якорей","CONTENT_MAP.menu.7.key","team","","todo",""
"CNT_bd43e5efa7","CONTENT_MAP","content_map","global","Навигация","Пункты верхнего меню/якорей","CONTENT_MAP.menu.7.label","Команда","","todo",""
"CNT_ab48b81444","CONTENT_MAP","content_map","global","Галерея","Фильтры категорий фото","CONTENT_MAP.photoCategories.0.id","all","","todo",""
"CNT_3d2cd746a3","CONTENT_MAP","content_map","global","Галерея","Фильтры категорий фото","CONTENT_MAP.photoCategories.0.label","Все","","todo",""
"CNT_9c18f52616","CONTENT_MAP","content_map","global","Галерея","Фильтры категорий фото","CONTENT_MAP.photoCategories.1.id","food","","todo",""
"CNT_e80e8b363c","CONTENT_MAP","content_map","global","Галерея","Фильтры категорий фото","CONTENT_MAP.photoCategories.1.label","Еда","","todo",""
"CNT_b15e29a8bc","CONTENT_MAP","content_map","global","Галерея","Фильтры категорий фото","CONTENT_MAP.photoCategories.2.id","sport","","todo",""
"CNT_9ec431a2f6","CONTENT_MAP","content_map","global","Галерея","Фильтры категорий фото","CONTENT_MAP.photoCategories.2.label","Спорт","","todo",""
"CNT_a7a76c05c1","CONTENT_MAP","content_map","global","Галерея","Фильтры категорий фото","CONTENT_MAP.photoCategories.3.id","pool","","todo",""
"CNT_2fba6eb746","CONTENT_MAP","content_map","global","Галерея","Фильтры категорий фото","CONTENT_MAP.photoCategories.3.label","Бассейн","","todo",""
"CNT_0f24bc5e23","CONTENT_MAP","content_map","global","Галерея","Фильтры категорий фото","CONTENT_MAP.photoCategories.4.id","study","","todo",""
"CNT_decf18b056","CONTENT_MAP","content_map","global","Галерея","Фильтры категорий фото","CONTENT_MAP.photoCategories.4.label","Учёба","","todo",""
"CNT_f4474705cb","CONTENT_MAP","content_map","global","Галерея","Подписи/alt для фото-контента","CONTENT_MAP.photos.0.alt","all","","todo",""
"CNT_d24d6ecf9d","CONTENT_MAP","content_map","global","Галерея","Подписи/alt для фото-контента","CONTENT_MAP.photos.0.cat","all","","todo",""
"CNT_26d9118e9c","CONTENT_MAP","content_map","global","Галерея","Подписи/alt для фото-контента","CONTENT_MAP.photos.0.src","/assets/images/cdn-cache/a5f92a14_photo_2025-06-14_08-.jpg","","todo",""
"CNT_55c9cd463b","CONTENT_MAP","content_map","global","Галерея","Подписи/alt для фото-контента","CONTENT_MAP.photos.1.alt","all","","todo",""
"CNT_7650a91d70","CONTENT_MAP","content_map","global","Галерея","Подписи/alt для фото-контента","CONTENT_MAP.photos.1.cat","all","","todo",""
"CNT_88de2bec7c","CONTENT_MAP","content_map","global","Галерея","Подписи/alt для фото-контента","CONTENT_MAP.photos.1.src","/assets/images/cdn-cache/8cca10f8_photo.jpg","","todo",""
"CNT_f9260aa3a3","CONTENT_MAP","content_map","global","Галерея","Подписи/alt для фото-контента","CONTENT_MAP.photos.10.alt","study","","todo",""
"CNT_2518cfe231","CONTENT_MAP","content_map","global","Галерея","Подписи/alt для фото-контента","CONTENT_MAP.photos.10.cat","study","","todo",""
"CNT_f4a0dcc35e","CONTENT_MAP","content_map","global","Галерея","Подписи/alt для фото-контента","CONTENT_MAP.photos.10.src","/assets/images/cdn-cache/81652cd9_photo_2025-06-14_08-.jpg","","todo",""
"CNT_3cacd40e19","CONTENT_MAP","content_map","global","Галерея","Подписи/alt для фото-контента","CONTENT_MAP.photos.11.alt","study","","todo",""
"CNT_03b519283f","CONTENT_MAP","content_map","global","Галерея","Подписи/alt для фото-контента","CONTENT_MAP.photos.11.cat","study","","todo",""
"CNT_b18c6e5112","CONTENT_MAP","content_map","global","Галерея","Подписи/alt для фото-контента","CONTENT_MAP.photos.11.src","/assets/images/cdn-cache/0e2e55a2_photo_2025-06-14_08-.jpg","","todo",""
"CNT_37705010cb","CONTENT_MAP","content_map","global","Галерея","Подписи/alt для фото-контента","CONTENT_MAP.photos.12.alt","pool","","todo",""
"CNT_b26d0d42ec","CONTENT_MAP","content_map","global","Галерея","Подписи/alt для фото-контента","CONTENT_MAP.photos.12.cat","pool","","todo",""
"CNT_550dfd6639","CONTENT_MAP","content_map","global","Галерея","Подписи/alt для фото-контента","CONTENT_MAP.photos.12.src","/assets/images/cdn-cache/0d2ab9ef_photo_2025-06-14_08-.jpg","","todo",""
"CNT_7718eba33e","CONTENT_MAP","content_map","global","Галерея","Подписи/alt для фото-контента","CONTENT_MAP.photos.13.alt","pool","","todo",""
"CNT_08bdce1e37","CONTENT_MAP","content_map","global","Галерея","Подписи/alt для фото-контента","CONTENT_MAP.photos.13.cat","pool","","todo",""
"CNT_d49adafb0e","CONTENT_MAP","content_map","global","Галерея","Подписи/alt для фото-контента","CONTENT_MAP.photos.13.src","/assets/images/cdn-cache/6a17713f_photo_2025-06-14_08-.jpg","","todo",""
"CNT_99d241fb7a","CONTENT_MAP","content_map","global","Галерея","Подписи/alt для фото-контента","CONTENT_MAP.photos.14.alt","sport","","todo",""
"CNT_811c3d8d5f","CONTENT_MAP","content_map","global","Галерея","Подписи/alt для фото-контента","CONTENT_MAP.photos.14.cat","sport","","todo",""
"CNT_2e16adf1e3","CONTENT_MAP","content_map","global","Галерея","Подписи/alt для фото-контента","CONTENT_MAP.photos.14.src","/assets/images/cdn-cache/cab7c193_photo.jpg","","todo",""
"CNT_8da0696e0c","CONTENT_MAP","content_map","global","Галерея","Подписи/alt для фото-контента","CONTENT_MAP.photos.15.alt","sport","","todo",""
"CNT_ab2e405a19","CONTENT_MAP","content_map","global","Галерея","Подписи/alt для фото-контента","CONTENT_MAP.photos.15.cat","sport","","todo",""
"CNT_acf5f2cce4","CONTENT_MAP","content_map","global","Галерея","Подписи/alt для фото-контента","CONTENT_MAP.photos.15.src","/assets/images/cdn-cache/841dac3d_photo_2025-06-14_07-.jpg","","todo",""
"CNT_ded46e4e61","CONTENT_MAP","content_map","global","Галерея","Подписи/alt для фото-контента","CONTENT_MAP.photos.16.alt","sport","","todo",""
"CNT_96c231d03e","CONTENT_MAP","content_map","global","Галерея","Подписи/alt для фото-контента","CONTENT_MAP.photos.16.cat","sport","","todo",""
"CNT_2aa3731b79","CONTENT_MAP","content_map","global","Галерея","Подписи/alt для фото-контента","CONTENT_MAP.photos.16.src","/assets/images/cdn-cache/e7095a88_photo_2025-06-14_08-.jpg","","todo",""
"CNT_9dc03fbbc5","CONTENT_MAP","content_map","global","Галерея","Подписи/alt для фото-контента","CONTENT_MAP.photos.2.alt","all","","todo",""
"CNT_7089947b4d","CONTENT_MAP","content_map","global","Галерея","Подписи/alt для фото-контента","CONTENT_MAP.photos.2.cat","all","","todo",""
"CNT_55bf3188c0","CONTENT_MAP","content_map","global","Галерея","Подписи/alt для фото-контента","CONTENT_MAP.photos.2.src","/assets/images/cdn-cache/1ac9b8f7_photo_2025-06-14_08-.jpg","","todo",""
"CNT_e1345433e3","CONTENT_MAP","content_map","global","Галерея","Подписи/alt для фото-контента","CONTENT_MAP.photos.3.alt","all","","todo",""
"CNT_be99db1f24","CONTENT_MAP","content_map","global","Галерея","Подписи/alt для фото-контента","CONTENT_MAP.photos.3.cat","all","","todo",""
"CNT_5f5a060fb3","CONTENT_MAP","content_map","global","Галерея","Подписи/alt для фото-контента","CONTENT_MAP.photos.3.src","/assets/images/cdn-cache/1063273d_photo_2025-06-17_13-.jpg","","todo",""
"CNT_30868f31a8","CONTENT_MAP","content_map","global","Галерея","Подписи/alt для фото-контента","CONTENT_MAP.photos.4.alt","study","","todo",""
"CNT_7e748e618e","CONTENT_MAP","content_map","global","Галерея","Подписи/alt для фото-контента","CONTENT_MAP.photos.4.cat","study","","todo",""
"CNT_f8f7ba7dcb","CONTENT_MAP","content_map","global","Галерея","Подписи/alt для фото-контента","CONTENT_MAP.photos.4.src","/assets/images/cdn-cache/a591ceb9_IMG_1543.JPG","","todo",""
"CNT_842bb5f854","CONTENT_MAP","content_map","global","Галерея","Подписи/alt для фото-контента","CONTENT_MAP.photos.5.alt","food","","todo",""
"CNT_020ad9d85a","CONTENT_MAP","content_map","global","Галерея","Подписи/alt для фото-контента","CONTENT_MAP.photos.5.cat","food","","todo",""
"CNT_d314ccd6b5","CONTENT_MAP","content_map","global","Галерея","Подписи/alt для фото-контента","CONTENT_MAP.photos.5.src","/assets/images/cdn-cache/9e4f4646_photo_2025-06-14_08-.jpg","","todo",""
"CNT_83460cf6ea","CONTENT_MAP","content_map","global","Галерея","Подписи/alt для фото-контента","CONTENT_MAP.photos.6.alt","food","","todo",""
"CNT_ca8f53c956","CONTENT_MAP","content_map","global","Галерея","Подписи/alt для фото-контента","CONTENT_MAP.photos.6.cat","food","","todo",""
"CNT_573b429f9b","CONTENT_MAP","content_map","global","Галерея","Подписи/alt для фото-контента","CONTENT_MAP.photos.6.src","/assets/images/cdn-cache/8aee104b_photo_2025-06-14_08-.jpg","","todo",""
"CNT_550af91f3b","CONTENT_MAP","content_map","global","Галерея","Подписи/alt для фото-контента","CONTENT_MAP.photos.7.alt","food","","todo",""
"CNT_910901d432","CONTENT_MAP","content_map","global","Галерея","Подписи/alt для фото-контента","CONTENT_MAP.photos.7.cat","food","","todo",""
"CNT_9b2568f200","CONTENT_MAP","content_map","global","Галерея","Подписи/alt для фото-контента","CONTENT_MAP.photos.7.src","/assets/images/cdn-cache/5babf9c8_photo.jpg","","todo",""
"CNT_a369ae153a","CONTENT_MAP","content_map","global","Галерея","Подписи/alt для фото-контента","CONTENT_MAP.photos.8.alt","study","","todo",""
"CNT_e1ab848d80","CONTENT_MAP","content_map","global","Галерея","Подписи/alt для фото-контента","CONTENT_MAP.photos.8.cat","study","","todo",""
"CNT_25c76b42bb","CONTENT_MAP","content_map","global","Галерея","Подписи/alt для фото-контента","CONTENT_MAP.photos.8.src","/assets/images/cdn-cache/d8b90de0_photo_2025-06-14_08-.jpg","","todo",""
"CNT_a3a8a7a1f1","CONTENT_MAP","content_map","global","Галерея","Подписи/alt для фото-контента","CONTENT_MAP.photos.9.alt","study","","todo",""
"CNT_54a11bd277","CONTENT_MAP","content_map","global","Галерея","Подписи/alt для фото-контента","CONTENT_MAP.photos.9.cat","study","","todo",""
"CNT_6ad743458a","CONTENT_MAP","content_map","global","Галерея","Подписи/alt для фото-контента","CONTENT_MAP.photos.9.src","/assets/images/cdn-cache/7e509c20_photo_2025-06-14_08-.jpg","","todo",""
"CNT_53e089ca54","CONTENT_MAP","content_map","desktop","Блок программы","Карточки возрастных программ","CONTENT_MAP.programCards.0.text","Scratch + базовый Python. Визуальное программирование, первые игры, логика.","","todo",""
"CNT_726a9111e4","CONTENT_MAP","content_map","desktop","Блок программы","Карточки возрастных программ","CONTENT_MAP.programCards.0.title","7-9 лет","","todo",""
"CNT_1f4dc3c9f2","CONTENT_MAP","content_map","desktop","Блок программы","Карточки возрастных программ","CONTENT_MAP.programCards.1.text","Python + веб. Проекты на Python, основы HTML/CSS, мини-сайт.","","todo",""
"CNT_15ba7d3aa9","CONTENT_MAP","content_map","desktop","Блок программы","Карточки возрастных программ","CONTENT_MAP.programCards.1.title","10-12 лет","","todo",""
"CNT_9ed69b9ad0","CONTENT_MAP","content_map","desktop","Блок программы","Карточки возрастных программ","CONTENT_MAP.programCards.2.text","AI-интенсив. Нейросети, боты, хакатон с защитой проекта.","","todo",""
"CNT_fe20b0b4da","CONTENT_MAP","content_map","desktop","Блок программы","Карточки возрастных программ","CONTENT_MAP.programCards.2.title","13-14 лет","","todo",""
"CNT_803d259107","CONTENT_MAP","content_map","desktop","Отзывы","Карточки отзывов родителей","CONTENT_MAP.reviews.0.avatar","https://avatars.mds.yandex.net/get-yapic/27503/0r-4/islands-68","","todo",""
"CNT_6f75664f51","CONTENT_MAP","content_map","desktop","Отзывы","Карточки отзывов родителей","CONTENT_MAP.reviews.0.meta","Яндекс Карты · 2 февраля 2026","","todo",""
"CNT_be57da14b7","CONTENT_MAP","content_map","desktop","Отзывы","Карточки отзывов родителей","CONTENT_MAP.reviews.0.name","Сергей Найденов","","todo",""
"CNT_edeae77174","CONTENT_MAP","content_map","desktop","Отзывы","Карточки отзывов родителей","CONTENT_MAP.reviews.0.quote","Отличное расположение в живописном месте, большие просторные аудитории для занятий. Большое значение придавалось и активностям вне аудиторных занятий: футбол, бадминтон и прочее.","","todo",""
"CNT_7ab3091b52","CONTENT_MAP","content_map","desktop","Отзывы","Карточки отзывов родителей","CONTENT_MAP.reviews.1.avatar","https://avatars.mds.yandex.net/get-yapic/54535/fsnR7nvUqoioiSqyIVRArH7QSFs-1/islands-68","","todo",""
"CNT_6a7aad4eb1","CONTENT_MAP","content_map","desktop","Отзывы","Карточки отзывов родителей","CONTENT_MAP.reviews.1.meta","Яндекс Карты · 13 ноября 2024","","todo",""
"CNT_25f4b4d70d","CONTENT_MAP","content_map","desktop","Отзывы","Карточки отзывов родителей","CONTENT_MAP.reviews.1.name","виктория","","todo",""
"CNT_27655d5cab","CONTENT_MAP","content_map","desktop","Отзывы","Карточки отзывов родителей","CONTENT_MAP.reviews.1.quote","Лагерь «Айдакемп» — это круто. Была там несколько раз, и каждый раз это был незабываемый опыт.","","todo",""
"CNT_d9dba446a3","CONTENT_MAP","content_map","desktop","Отзывы","Карточки отзывов родителей","CONTENT_MAP.reviews.2.avatar","https://avatars.mds.yandex.net/get-yapic/68143/0s-4/islands-68","","todo",""
"CNT_16cd746964","CONTENT_MAP","content_map","desktop","Отзывы","Карточки отзывов родителей","CONTENT_MAP.reviews.2.meta","Яндекс Карты · 10 ноября 2024","","todo",""
"CNT_e1e3424e74","CONTENT_MAP","content_map","desktop","Отзывы","Карточки отзывов родителей","CONTENT_MAP.reviews.2.name","Natalia Savenkova","","todo",""
"CNT_a643eaf76c","CONTENT_MAP","content_map","desktop","Отзывы","Карточки отзывов родителей","CONTENT_MAP.reviews.2.quote","Хочу поблагодарить АйДаКемп за отличную организацию и правильный подход в общении и воспитании детей в лагере. Потрясающие вожатые и педагоги.","","todo",""
"CNT_e58446722d","CONTENT_MAP","content_map","desktop","Отзывы","Карточки отзывов родителей","CONTENT_MAP.reviews.3.avatar","https://avatars.mds.yandex.net/get-yapic/58107/0f-1/islands-68","","todo",""
"CNT_cf4c121579","CONTENT_MAP","content_map","desktop","Отзывы","Карточки отзывов родителей","CONTENT_MAP.reviews.3.meta","Яндекс Карты · 12 августа 2025","","todo",""
"CNT_780344ef4b","CONTENT_MAP","content_map","desktop","Отзывы","Карточки отзывов родителей","CONTENT_MAP.reviews.3.name","Надежда Ш.","","todo",""
"CNT_266ba74e3a","CONTENT_MAP","content_map","desktop","Отзывы","Карточки отзывов родителей","CONTENT_MAP.reviews.3.quote","Сын в 9 лет этим летом побывал в первый раз в этом лагере. Остался в полном восторге и сказал, что обязательно поедет ещё.","","todo",""
"CNT_d4e2b2a687","CONTENT_MAP","content_map","desktop","Отзывы","Карточки отзывов родителей","CONTENT_MAP.reviews.4.avatar","https://avatars.mds.yandex.net/get-yapic/49368/enc-f5d05dcd44e9fc6a6283d03f5fc4dfbadc08d6b278aedeb06cfa14e5027cfb80/islands-68","","todo",""
"CNT_7a954276d3","CONTENT_MAP","content_map","desktop","Отзывы","Карточки отзывов родителей","CONTENT_MAP.reviews.4.meta","Яндекс Карты · 8 ноября 2024","","todo",""
"CNT_0bcf25fe15","CONTENT_MAP","content_map","desktop","Отзывы","Карточки отзывов родителей","CONTENT_MAP.reviews.4.name","Кристина","","todo",""
"CNT_9cd0357412","CONTENT_MAP","content_map","desktop","Отзывы","Карточки отзывов родителей","CONTENT_MAP.reviews.4.quote","Дочери лагерь понравился, с удовольствием провела время на каникулах. Интересные занятия, вкусная еда, комфортное размещение.","","todo",""
"CNT_f99cd85f45","CONTENT_MAP","content_map","desktop","Отзывы","Карточки отзывов родителей","CONTENT_MAP.reviews.5.avatar","https://avatars.mds.yandex.net/get-yapic/56823/XGlOg8N65vTR91xedCasHKXWqI-1/islands-68","","todo",""
"CNT_a046e24217","CONTENT_MAP","content_map","desktop","Отзывы","Карточки отзывов родителей","CONTENT_MAP.reviews.5.meta","Яндекс Карты · 13 ноября 2024","","todo",""
"CNT_86439c3f04","CONTENT_MAP","content_map","desktop","Отзывы","Карточки отзывов родителей","CONTENT_MAP.reviews.5.name","Мария Григорьева","","todo",""
"CNT_5986d3a68d","CONTENT_MAP","content_map","desktop","Отзывы","Карточки отзывов родителей","CONTENT_MAP.reviews.5.quote","Отправляла детей 10 и 14 лет, оба остались довольны и готовы снова ехать на следующий год. Благодарна за опыт и пользу для детей.","","todo",""
"CNT_cb779c6c03","CONTENT_MAP","content_map","global","Заголовки секций","Названия основных разделов страницы","CONTENT_MAP.sectionTitles.ai","AI-программы","","todo",""
"CNT_a070b15362","CONTENT_MAP","content_map","desktop","Заголовки секций","Названия основных разделов страницы","CONTENT_MAP.sectionTitles.faq","FAQ","","todo",""
"CNT_cdfe84efd3","CONTENT_MAP","content_map","global","Заголовки секций","Названия основных разделов страницы","CONTENT_MAP.sectionTitles.format","Формат и условия","","todo",""
"CNT_615340aea0","CONTENT_MAP","content_map","desktop","Заголовки секций","Названия основных разделов страницы","CONTENT_MAP.sectionTitles.location","Локация","","todo",""
"CNT_06c85e5a1f","CONTENT_MAP","content_map","global","Заголовки секций","Названия основных разделов страницы","CONTENT_MAP.sectionTitles.photos","Фото лагеря","","todo",""
"CNT_5055a1802f","CONTENT_MAP","content_map","desktop","Заголовки секций","Названия основных разделов страницы","CONTENT_MAP.sectionTitles.program","Программа по возрастам","","todo",""
"CNT_6d81388fb9","CONTENT_MAP","content_map","desktop","Заголовки секций","Названия основных разделов страницы","CONTENT_MAP.sectionTitles.reviews","Отзывы родителей","","todo",""
"CNT_9118fc54b1","CONTENT_MAP","content_map","desktop","Заголовки секций","Названия основных разделов страницы","CONTENT_MAP.sectionTitles.team","Команда","","todo",""
"CNT_f91789c0ed","CONTENT_MAP","content_map","global","Заголовки секций","Названия основных разделов страницы","CONTENT_MAP.sectionTitles.video","Видео","","todo",""
"CNT_915c865326","CONTENT_MAP","content_map","desktop","Команда","Карточки участников команды","CONTENT_MAP.team.0.avatar","/assets/images/cdn-cache/15b41072_photo.png","","todo",""
"CNT_676f2ce5c6","CONTENT_MAP","content_map","desktop","Команда","Карточки участников команды","CONTENT_MAP.team.0.bio","предприниматель в сфере детского IT-образования и мама подростка, которая строит лагерь таким, каким сама хотела бы видеть обучение своего ребёнка.","","todo",""
"CNT_a932f734b3","CONTENT_MAP","content_map","desktop","Команда","Карточки участников команды","CONTENT_MAP.team.0.name","Дарья Афанасьева","","todo",""
"CNT_f967505c71","CONTENT_MAP","content_map","desktop","Команда","Карточки участников команды","CONTENT_MAP.team.0.role","основатель и вдохновитель АйДаКемп","","todo",""
"CNT_674ea13b34","CONTENT_MAP","content_map","desktop","Команда","Карточки участников команды","CONTENT_MAP.team.1.avatar","/assets/images/cdn-cache/dc9ef9b6_photo.png","","todo",""
"CNT_1f0fd68e32","CONTENT_MAP","content_map","desktop","Команда","Карточки участников команды","CONTENT_MAP.team.1.bio","автор учебника по разработке игр; специализируется на геймдеве и помогает детям создавать собственные игровые миры.","","todo",""
"CNT_fbb0f4e046","CONTENT_MAP","content_map","desktop","Команда","Карточки участников команды","CONTENT_MAP.team.1.name","Никита Брагин","","todo",""
"CNT_4d31386dcd","CONTENT_MAP","content_map","desktop","Команда","Карточки участников команды","CONTENT_MAP.team.1.role","преподаватель Scratch, Minecraft и Python","","todo",""
"CNT_bb7df1775d","CONTENT_MAP","content_map","desktop","Команда","Карточки участников команды","CONTENT_MAP.team.2.avatar","/assets/images/cdn-cache/1e93e3b8_photo.png","","todo",""
"CNT_526dae29ff","CONTENT_MAP","content_map","desktop","Команда","Карточки участников команды","CONTENT_MAP.team.2.bio","соавтор учебника по разработке игр; умеет зажигать интерес к программированию через практические задачи и командные проекты.","","todo",""
"CNT_c09f049be9","CONTENT_MAP","content_map","desktop","Команда","Карточки участников команды","CONTENT_MAP.team.2.name","Александр Ташкин","","todo",""
"CNT_a7b7e97351","CONTENT_MAP","content_map","desktop","Команда","Карточки участников команды","CONTENT_MAP.team.2.role","преподаватель Scratch, Minecraft и Python","","todo",""
"CNT_65fa345c11","CONTENT_MAP","content_map","desktop","Команда","Карточки участников команды","CONTENT_MAP.team.3.avatar","/assets/images/cdn-cache/67852b0a_photo.png","","todo",""
"CNT_98efd44f55","CONTENT_MAP","content_map","desktop","Команда","Карточки участников команды","CONTENT_MAP.team.3.bio","работает со старшими и продвинутыми группами, часть занятий ведёт на английском и показывает, как применять AI в реальных проектах.","","todo",""
"CNT_e067f191c0","CONTENT_MAP","content_map","desktop","Команда","Карточки участников команды","CONTENT_MAP.team.3.name","Омар Алхамви","","todo",""
"CNT_7907021b1b","CONTENT_MAP","content_map","desktop","Команда","Карточки участников команды","CONTENT_MAP.team.3.role","преподаватель Python и нейросетей","","todo",""
"CNT_b6051659f9","CONTENT_MAP","content_map","desktop","Команда","Карточки участников команды","CONTENT_MAP.team.4.avatar","/assets/images/cdn-cache/791a236a_ChatGPT_Image_18__20.png","","todo",""
"CNT_80019296fc","CONTENT_MAP","content_map","desktop","Команда","Карточки участников команды","CONTENT_MAP.team.4.bio","помогает детям легко войти в программирование через игры, логику и первые самостоятельные программы.","","todo",""
"CNT_da1a00fe15","CONTENT_MAP","content_map","desktop","Команда","Карточки участников команды","CONTENT_MAP.team.4.name","Дарья Воронцова","","todo",""
"CNT_098202cc06","CONTENT_MAP","content_map","desktop","Команда","Карточки участников команды","CONTENT_MAP.team.4.role","преподаватель Python и Scratch","","todo",""
"CNT_3e9039bedd","CONTENT_MAP","content_map","global","UI-лейблы","Кнопки, подписи и служебные тексты интерфейса","CONTENT_MAP.ui.ageLabel","Выберите возраст","","todo",""
"CNT_bda4dd5de5","CONTENT_MAP","content_map","global","UI-лейблы","Кнопки, подписи и служебные тексты интерфейса","CONTENT_MAP.ui.all","Все","","todo",""
"CNT_02cef6b22c","CONTENT_MAP","content_map","global","UI-лейблы","Кнопки, подписи и служебные тексты интерфейса","CONTENT_MAP.ui.brandSub","IT-лагерь 7-14 лет","","todo",""
"CNT_c4cb1a40df","CONTENT_MAP","content_map","global","UI-лейблы","Кнопки, подписи и служебные тексты интерфейса","CONTENT_MAP.ui.close","Закрыть","","todo",""
"CNT_1206e46d1a","CONTENT_MAP","content_map","global","UI-лейблы","Кнопки, подписи и служебные тексты интерфейса","CONTENT_MAP.ui.closeAria","Закрыть","","todo",""
"CNT_8c7fbbc5ee","CONTENT_MAP","content_map","global","UI-лейблы","Кнопки, подписи и служебные тексты интерфейса","CONTENT_MAP.ui.confirm","Подтвердить","","todo",""
"CNT_6570036da5","CONTENT_MAP","content_map","global","UI-лейблы","Кнопки, подписи и служебные тексты интерфейса","CONTENT_MAP.ui.contactMeta","Оставьте заявку, и мы подберем смену по возрасту и интересам ребенка.","","todo",""
"CNT_1695f366d7","CONTENT_MAP","content_map","global","UI-лейблы","Кнопки, подписи и служебные тексты интерфейса","CONTENT_MAP.ui.contactTitle","Связаться","","todo",""
"CNT_dc00a65a25","CONTENT_MAP","content_map","global","UI-лейблы","Кнопки, подписи и служебные тексты интерфейса","CONTENT_MAP.ui.emailLabel","Email","","todo",""
"CNT_db6a355aec","CONTENT_MAP","content_map","global","UI-лейблы","Кнопки, подписи и служебные тексты интерфейса","CONTENT_MAP.ui.finalBookingCta","Смотреть даты и цены смен","","todo",""
"CNT_755c1bbfd7","CONTENT_MAP","content_map","global","UI-лейблы","Кнопки, подписи и служебные тексты интерфейса","CONTENT_MAP.ui.grid","Плитка","","todo",""
"CNT_f6a0322cbf","CONTENT_MAP","content_map","desktop","UI-лейблы","Кнопки, подписи и служебные тексты интерфейса","CONTENT_MAP.ui.heroCampaignLabel","AI-программы июнь","","todo",""
"CNT_14155c69c1","CONTENT_MAP","content_map","desktop","UI-лейблы","Кнопки, подписи и служебные тексты интерфейса","CONTENT_MAP.ui.heroContactLabel","Связаться","","todo",""
"CNT_d4d54bfa9e","CONTENT_MAP","content_map","desktop","UI-лейблы","Кнопки, подписи и служебные тексты интерфейса","CONTENT_MAP.ui.heroOverlayTitle","ПРОГРАММА И БЕЗОПАСНОСТЬ","","todo",""
"CNT_a7ac967cd1","CONTENT_MAP","content_map","desktop","UI-лейблы","Кнопки, подписи и служебные тексты интерфейса","CONTENT_MAP.ui.heroSafetyFoodDesc","Горячее каждый день","","todo",""
"CNT_a9698f11f4","CONTENT_MAP","content_map","desktop","UI-лейблы","Кнопки, подписи и служебные тексты интерфейса","CONTENT_MAP.ui.heroSafetyFoodTitle","5-разовое питание","","todo",""
"CNT_c05b88d2d3","CONTENT_MAP","content_map","desktop","UI-лейблы","Кнопки, подписи и служебные тексты интерфейса","CONTENT_MAP.ui.heroSafetyLockDesc","Закрытая территория, КПП","","todo",""
"CNT_54847d5918","CONTENT_MAP","content_map","desktop","UI-лейблы","Кнопки, подписи и служебные тексты интерфейса","CONTENT_MAP.ui.heroSafetyLockTitle","Охрана","","todo",""
"CNT_391ff71c46","CONTENT_MAP","content_map","desktop","UI-лейблы","Кнопки, подписи и служебные тексты интерфейса","CONTENT_MAP.ui.heroSafetyMedDesc","Врач на территории всю смену","","todo",""
"CNT_7ca449daf5","CONTENT_MAP","content_map","desktop","UI-лейблы","Кнопки, подписи и служебные тексты интерфейса","CONTENT_MAP.ui.heroSafetyMedTitle","Медик 24/7","","todo",""
"CNT_7333e5576b","CONTENT_MAP","content_map","desktop","UI-лейблы","Кнопки, подписи и служебные тексты интерфейса","CONTENT_MAP.ui.heroSafetyPoolDesc","Каждый день, тренер рядом","","todo",""
"CNT_f969e430b7","CONTENT_MAP","content_map","desktop","UI-лейблы","Кнопки, подписи и служебные тексты интерфейса","CONTENT_MAP.ui.heroSafetyPoolTitle","Бассейн","","todo",""
"CNT_b27b29a6e4","CONTENT_MAP","content_map","global","UI-лейблы","Кнопки, подписи и служебные тексты интерфейса","CONTENT_MAP.ui.list","Список","","todo",""
"CNT_f12944ac1d","CONTENT_MAP","content_map","desktop","UI-лейблы","Кнопки, подписи и служебные тексты интерфейса","CONTENT_MAP.ui.locationNearbyTitle","Что рядом и внутри","","todo",""
"CNT_a35601d674","CONTENT_MAP","content_map","desktop","UI-лейблы","Кнопки, подписи и служебные тексты интерфейса","CONTENT_MAP.ui.locationWhereTitle","Где проходит смена","","todo",""
"CNT_831140c8b9","CONTENT_MAP","content_map","mobile","UI-лейблы","Кнопки, подписи и служебные тексты интерфейса","CONTENT_MAP.ui.modeCompactLabel","Кратко","","todo",""
"CNT_d3e47c69db","CONTENT_MAP","content_map","global","UI-лейблы","Кнопки, подписи и служебные тексты интерфейса","CONTENT_MAP.ui.modeFullLabel","Подробно","","todo",""
"CNT_154e25c2fc","CONTENT_MAP","content_map","global","UI-лейблы","Кнопки, подписи и служебные тексты интерфейса","CONTENT_MAP.ui.next","Вперёд","","todo",""
"CNT_a912a484bb","CONTENT_MAP","content_map","mobile","UI-лейблы","Кнопки, подписи и служебные тексты интерфейса","CONTENT_MAP.ui.phoneLabel","Телефон","","todo",""
"CNT_be6408fecb","CONTENT_MAP","content_map","global","UI-лейблы","Кнопки, подписи и служебные тексты интерфейса","CONTENT_MAP.ui.prev","Назад","","todo",""
"CNT_67b88eae97","CONTENT_MAP","content_map","desktop","UI-лейблы","Кнопки, подписи и служебные тексты интерфейса","CONTENT_MAP.ui.programmingBookUrl","https://www.codims.ru/python-book","","todo",""
"CNT_66e2578ce8","CONTENT_MAP","content_map","desktop","UI-лейблы","Кнопки, подписи и служебные тексты интерфейса","CONTENT_MAP.ui.shiftPriceFrom","от 48 000 ₽","","todo",""
"CNT_3097cc56e2","CONTENT_MAP","content_map","desktop","UI-лейблы","Кнопки, подписи и служебные тексты интерфейса","CONTENT_MAP.ui.shiftsMeta","Выберите смену по возрасту и направлению.","","todo",""
"CNT_74a343b241","CONTENT_MAP","content_map","desktop","UI-лейблы","Кнопки, подписи и служебные тексты интерфейса","CONTENT_MAP.ui.shiftsTitle","Смены и цены","","todo",""
"CNT_7e9650d7ac","CONTENT_MAP","content_map","global","UI-лейблы","Кнопки, подписи и служебные тексты интерфейса","CONTENT_MAP.ui.stepLabel","Шаг","","todo",""
"CNT_7d001175af","CONTENT_MAP","content_map","global","UI-лейблы","Кнопки, подписи и служебные тексты интерфейса","CONTENT_MAP.ui.stepLabelDelimiter","из","","todo",""
"CNT_e502defad7","CONTENT_MAP","content_map","global","UI-лейблы","Кнопки, подписи и служебные тексты интерфейса","CONTENT_MAP.ui.techBadge","TECH v2026.03.21-01","","todo",""
"CNT_4b8881e435","CONTENT_MAP","content_map","global","UI-лейблы","Кнопки, подписи и служебные тексты интерфейса","CONTENT_MAP.ui.telegramLabel","Telegram","","todo",""
"CNT_2e2c39ef65","CONTENT_MAP","content_map","global","UI-лейблы","Кнопки, подписи и служебные тексты интерфейса","CONTENT_MAP.ui.watchVideoLabel","Смотреть видео","","todo",""
"CNT_49c01c51cd","CONTENT_MAP","content_map","desktop","UI-лейблы","Кнопки, подписи и служебные тексты интерфейса","CONTENT_MAP.ui.yandexReviewsLabel","Отзывы на Яндекс Картах","","todo",""
"CNT_1c3cdeefe4","CONTENT_MAP","content_map","desktop","UI-лейблы","Кнопки, подписи и служебные тексты интерфейса","CONTENT_MAP.ui.yandexReviewsUrl","https://yandex.ru/maps/org/aydakemp/35558479035/reviews/","","todo",""
"CNT_ffd60a2c8d","CONTENT_MAP","content_map","global","Видео","Заголовки/ссылки/обложки видео","CONTENT_MAP.videos.0.poster","/assets/video-covers/cover-week-change.jpg","","todo",""
"CNT_84f3db0013","CONTENT_MAP","content_map","mobile","Видео","Заголовки/ссылки/обложки видео","CONTENT_MAP.videos.0.posterMobile","/assets/video-covers/cover-week-change.jpg","","todo",""
"CNT_58e29fb543","CONTENT_MAP","content_map","global","Видео","Заголовки/ссылки/обложки видео","CONTENT_MAP.videos.0.title","За неделю в лагере ребёнок меняется больше, чем за год дома","","todo",""
"CNT_28ae7db96d","CONTENT_MAP","content_map","global","Видео","Заголовки/ссылки/обложки видео","CONTENT_MAP.videos.0.url","https://rutube.ru/shorts/f1538387b19f82f0305f7ae7222bf57d/","","todo",""
"CNT_b73e149755","CONTENT_MAP","content_map","global","Видео","Заголовки/ссылки/обложки видео","CONTENT_MAP.videos.1.poster","/assets/video-covers/cover-money-why.jpg","","todo",""
"CNT_5851594be7","CONTENT_MAP","content_map","mobile","Видео","Заголовки/ссылки/обложки видео","CONTENT_MAP.videos.1.posterMobile","/assets/video-covers/cover-money-why.jpg","","todo",""
"CNT_1c3fb07e07","CONTENT_MAP","content_map","global","Видео","Заголовки/ссылки/обложки видео","CONTENT_MAP.videos.1.title","Зачем детям копить деньги в лагере?","","todo",""
"CNT_f2e0202715","CONTENT_MAP","content_map","global","Видео","Заголовки/ссылки/обложки видео","CONTENT_MAP.videos.1.url","https://rutube.ru/shorts/01ca8a077f86db0b95bb0adfebd8ebce/","","todo",""
"CNT_1a02114b0a","CONTENT_MAP","content_map","global","Видео","Заголовки/ссылки/обложки видео","CONTENT_MAP.videos.2.poster","/assets/video-covers/cover-phone-3days.jpg","","todo",""
"CNT_2be5c67ea6","CONTENT_MAP","content_map","mobile","Видео","Заголовки/ссылки/обложки видео","CONTENT_MAP.videos.2.posterMobile","/assets/video-covers/cover-phone-3days.jpg","","todo",""
"CNT_08bf500704","CONTENT_MAP","content_map","global","Видео","Заголовки/ссылки/обложки видео","CONTENT_MAP.videos.2.title","Ребёнок сам откажется от телефона за 3 дня?","","todo",""
"CNT_3adb28d9c5","CONTENT_MAP","content_map","global","Видео","Заголовки/ссылки/обложки видео","CONTENT_MAP.videos.2.url","https://rutube.ru/shorts/41bbae1d1b167cd49c7aad94cc76b133/","","todo",""
"CNT_c32fb8a0e6","DIRECTIONS","directions","global","Направления","Справочник направлений смен","DIRECTIONS.0.id","base","","todo",""
"CNT_ba12035f7d","DIRECTIONS","directions","global","Направления","Справочник направлений смен","DIRECTIONS.0.label","База","","todo",""
"CNT_238eb3f4a1","DIRECTIONS","directions","global","Направления","Справочник направлений смен","DIRECTIONS.1.id","web","","todo",""
"CNT_ad3efd4776","DIRECTIONS","directions","global","Направления","Справочник направлений смен","DIRECTIONS.1.label","Web","","todo",""
"CNT_cd8d9caa45","DIRECTIONS","directions","global","Направления","Справочник направлений смен","DIRECTIONS.2.id","ai","","todo",""
"CNT_ba53686697","DIRECTIONS","directions","global","Направления","Справочник направлений смен","DIRECTIONS.2.label","AI","","todo",""
"CNT_7df46a8a5c","DIRECTIONS","directions","global","Направления","Справочник направлений смен","DIRECTIONS.3.id","pro","","todo",""
"CNT_6e0ff926d5","DIRECTIONS","directions","global","Направления","Справочник направлений смен","DIRECTIONS.3.label","Pro","","todo",""
"CNT_1bcafbe86a","SHIFTS","shifts","desktop","Смены","Описания смен, benefits и CTA","SHIFTS.0.benefits.0.text","Визуальные IT-проекты по уровню ребёнка","","todo",""
"CNT_d16b9e8082","SHIFTS","shifts","desktop","Смены","Описания смен, benefits и CTA","SHIFTS.0.benefits.1.text","Первые шаги во внутренней экономике","","todo",""
"CNT_03544855b8","SHIFTS","shifts","desktop","Смены","Описания смен, benefits и CTA","SHIFTS.0.benefits.2.text","Бассейн и активность каждый день","","todo",""
"CNT_632fa56507","SHIFTS","shifts","desktop","Смены","Описания смен, benefits и CTA","SHIFTS.0.descriptions_by_age.10-12","Python и веб-проекты, первые командные мини-спринты.","","todo",""
"CNT_c4d44e5e7f","SHIFTS","shifts","desktop","Смены","Описания смен, benefits и CTA","SHIFTS.0.descriptions_by_age.13-14","AI-практика, анализ данных и защита мини-проекта.","","todo",""
"CNT_b7cc881eed","SHIFTS","shifts","desktop","Смены","Описания смен, benefits и CTA","SHIFTS.0.descriptions_by_age.7-9","Визуальное программирование, первые игры, логика.","","todo",""
"CNT_a60795565a","SHIFTS","shifts","desktop","Смены","Описания смен, benefits и CTA","SHIFTS.0.direction","base","","todo",""
"CNT_ff5f56e4c0","SHIFTS","shifts","desktop","Смены","Описания смен, benefits и CTA","SHIFTS.0.id","shift-1","","todo",""
"CNT_5c997d1abd","SHIFTS","shifts","desktop","Смены","Описания смен, benefits и CTA","SHIFTS.0.line","1 смена","","todo",""
"CNT_6426460d67","SHIFTS","shifts","desktop","Смены","Описания смен, benefits и CTA","SHIFTS.0.nextCta","Смотреть даты и цены смен","","todo",""
"CNT_3835294ea4","SHIFTS","shifts","desktop","Смены","Описания смен, benefits и CTA","SHIFTS.0.summary","Визуальное программирование, первые игры, логика.","","todo",""
"CNT_4c918915f6","SHIFTS","shifts","desktop","Смены","Описания смен, benefits и CTA","SHIFTS.1.benefits.0.text","Python + веб-проекты в мини-командах","","todo",""
"CNT_0fd230b266","SHIFTS","shifts","desktop","Смены","Описания смен, benefits и CTA","SHIFTS.1.benefits.1.text","Игровая экономика: роли, бюджет, решения","","todo",""
"CNT_675fce217b","SHIFTS","shifts","desktop","Смены","Описания смен, benefits и CTA","SHIFTS.1.benefits.2.text","Ежедневный спорт и бассейн по расписанию","","todo",""
"CNT_6fab295afb","SHIFTS","shifts","desktop","Смены","Описания смен, benefits и CTA","SHIFTS.1.descriptions_by_age.10-12","Python, веб-проекты и командные мини-спринты.","","todo",""
"CNT_86f8018bc2","SHIFTS","shifts","desktop","Смены","Описания смен, benefits и CTA","SHIFTS.1.descriptions_by_age.13-14","AI-инструменты, продуктовые задачи и командная разработка.","","todo",""
"CNT_f9622f31c0","SHIFTS","shifts","desktop","Смены","Описания смен, benefits и CTA","SHIFTS.1.descriptions_by_age.7-9","Scratch и визуальные проекты: алгоритмы, игровые механики, логика.","","todo",""
"CNT_7a600b72ec","SHIFTS","shifts","desktop","Смены","Описания смен, benefits и CTA","SHIFTS.1.direction","web","","todo",""
"CNT_71904b473f","SHIFTS","shifts","desktop","Смены","Описания смен, benefits и CTA","SHIFTS.1.id","shift-2","","todo",""
"CNT_df1aa78fd5","SHIFTS","shifts","desktop","Смены","Описания смен, benefits и CTA","SHIFTS.1.line","2 смена","","todo",""
"CNT_ed256de884","SHIFTS","shifts","desktop","Смены","Описания смен, benefits и CTA","SHIFTS.1.nextCta","Смотреть даты и цены смен","","todo",""
"CNT_fb81a38660","SHIFTS","shifts","desktop","Смены","Описания смен, benefits и CTA","SHIFTS.1.summary","Python, веб-проекты и командные мини-спринты.","","todo",""
"CNT_26cf8654ac","SHIFTS","shifts","desktop","Смены","Описания смен, benefits и CTA","SHIFTS.2.benefits.0.text","AI-кейсы, аналитика и защита проекта","","todo",""
"CNT_e4c39ff324","SHIFTS","shifts","desktop","Смены","Описания смен, benefits и CTA","SHIFTS.2.benefits.1.text","Управление ресурсами в проектной команде","","todo",""
"CNT_f8fa541baf","SHIFTS","shifts","desktop","Смены","Описания смен, benefits и CTA","SHIFTS.2.benefits.2.text","Баланс: интеллектуальная и физическая нагрузка","","todo",""
"CNT_e82393d49f","SHIFTS","shifts","desktop","Смены","Описания смен, benefits и CTA","SHIFTS.2.descriptions_by_age.10-12","AI-практика, анализ данных, проектная защита.","","todo",""
"CNT_fada4af256","SHIFTS","shifts","desktop","Смены","Описания смен, benefits и CTA","SHIFTS.2.descriptions_by_age.13-14","AI-интенсив, хакатоны и проектная защита.","","todo",""
"CNT_6fb711dfd5","SHIFTS","shifts","desktop","Смены","Описания смен, benefits и CTA","SHIFTS.2.descriptions_by_age.7-9","Игровые IT-проекты, логика, первые презентации результатов.","","todo",""
"CNT_a47e3c4b4b","SHIFTS","shifts","desktop","Смены","Описания смен, benefits и CTA","SHIFTS.2.direction","ai","","todo",""
"CNT_12e78e2a3d","SHIFTS","shifts","desktop","Смены","Описания смен, benefits и CTA","SHIFTS.2.id","shift-3","","todo",""
"CNT_d0fc1fd442","SHIFTS","shifts","desktop","Смены","Описания смен, benefits и CTA","SHIFTS.2.line","3 смена","","todo",""
"CNT_0f438cbf19","SHIFTS","shifts","desktop","Смены","Описания смен, benefits и CTA","SHIFTS.2.nextCta","Смотреть даты и цены смен","","todo",""
"CNT_5727dd05de","SHIFTS","shifts","desktop","Смены","Описания смен, benefits и CTA","SHIFTS.2.summary","AI-практика, анализ данных, проектная защита.","","todo",""
"CNT_9cc27cf982","SHIFTS","shifts","desktop","Смены","Описания смен, benefits и CTA","SHIFTS.3.benefits.0.text","Полный цикл IT-практики и командной работы","","todo",""
"CNT_28720588fe","SHIFTS","shifts","desktop","Смены","Описания смен, benefits и CTA","SHIFTS.3.benefits.1.text","Навык финансового планирования в лагере","","todo",""
"CNT_f5854b2f7a","SHIFTS","shifts","desktop","Смены","Описания смен, benefits и CTA","SHIFTS.3.benefits.2.text","Бассейн, спорт и активный отдых ежедневно","","todo",""
"CNT_df41c679ef","SHIFTS","shifts","desktop","Смены","Описания смен, benefits и CTA","SHIFTS.3.descriptions_by_age.10-12","Длинная смена: полный цикл обучения и проектной практики.","","todo",""
"CNT_9de96a8f75","SHIFTS","shifts","desktop","Смены","Описания смен, benefits и CTA","SHIFTS.3.descriptions_by_age.13-14","Длинная смена: AI-кейсы, командные проекты и защита.","","todo",""
"CNT_74a2f65a94","SHIFTS","shifts","desktop","Смены","Описания смен, benefits и CTA","SHIFTS.3.descriptions_by_age.7-9","Длинная смена: визуальные IT-проекты и командная практика.","","todo",""
"CNT_5e8b670601","SHIFTS","shifts","desktop","Смены","Описания смен, benefits и CTA","SHIFTS.3.direction","base","","todo",""
"CNT_f5540c5a71","SHIFTS","shifts","desktop","Смены","Описания смен, benefits и CTA","SHIFTS.3.id","shift-4","","todo",""
"CNT_0a70ffa3d8","SHIFTS","shifts","desktop","Смены","Описания смен, benefits и CTA","SHIFTS.3.line","4 смена","","todo",""
"CNT_271703f6af","SHIFTS","shifts","desktop","Смены","Описания смен, benefits и CTA","SHIFTS.3.nextCta","Смотреть даты и цены смен","","todo",""
"CNT_130add97fb","SHIFTS","shifts","desktop","Смены","Описания смен, benefits и CTA","SHIFTS.3.summary","Длинная смена: полный цикл обучения и проектной практики.","","todo",""
"CNT_c1d5237a34","SHIFTS","shifts","desktop","Смены","Описания смен, benefits и CTA","SHIFTS.4.benefits.0.text","Проектная работа с ментором каждый день","","todo",""
"CNT_4200ec3676","SHIFTS","shifts","desktop","Смены","Описания смен, benefits и CTA","SHIFTS.4.benefits.1.text","Экономика лагеря: роли, цели, ответственность","","todo",""
"CNT_45122adf0b","SHIFTS","shifts","desktop","Смены","Описания смен, benefits и CTA","SHIFTS.4.benefits.2.text","Сбалансированный режим: обучение + спорт","","todo",""
"CNT_50d974222c","SHIFTS","shifts","desktop","Смены","Описания смен, benefits и CTA","SHIFTS.4.descriptions_by_age.10-12","Летний интенсив: проекты, командные задачи, защита результатов.","","todo",""
"CNT_4a7d9aa33b","SHIFTS","shifts","desktop","Смены","Описания смен, benefits и CTA","SHIFTS.4.descriptions_by_age.13-14","Летний интенсив: AI-проекты, аналитика и защита результатов.","","todo",""
"CNT_5d5764c517","SHIFTS","shifts","desktop","Смены","Описания смен, benefits и CTA","SHIFTS.4.descriptions_by_age.7-9","Летний интенсив: игровые проекты, логика и командные задачи.","","todo",""
"CNT_2817c6c984","SHIFTS","shifts","desktop","Смены","Описания смен, benefits и CTA","SHIFTS.4.direction","web","","todo",""
"CNT_4c328c43d2","SHIFTS","shifts","desktop","Смены","Описания смен, benefits и CTA","SHIFTS.4.id","shift-5","","todo",""
"CNT_736f5bef04","SHIFTS","shifts","desktop","Смены","Описания смен, benefits и CTA","SHIFTS.4.line","5 смена","","todo",""
"CNT_8d0cea4dbb","SHIFTS","shifts","desktop","Смены","Описания смен, benefits и CTA","SHIFTS.4.nextCta","Смотреть даты и цены смен","","todo",""
"CNT_9a583afe6c","SHIFTS","shifts","desktop","Смены","Описания смен, benefits и CTA","SHIFTS.4.summary","Летний интенсив: проекты, командные задачи, защита результатов.","","todo",""
"CNT_666bfe821f","SHIFTS","shifts","desktop","Смены","Описания смен, benefits и CTA","SHIFTS.5.benefits.0.text","Практика в IT-направлениях под возраст","","todo",""
"CNT_5fb0d8e3a4","SHIFTS","shifts","desktop","Смены","Описания смен, benefits и CTA","SHIFTS.5.benefits.1.text","Финансовые решения и командная экономика","","todo",""
"CNT_66d331d979","SHIFTS","shifts","desktop","Смены","Описания смен, benefits и CTA","SHIFTS.5.benefits.2.text","Спорт и бассейн как часть ежедневного режима","","todo",""
"CNT_1dd0d09ba8","SHIFTS","shifts","desktop","Смены","Описания смен, benefits и CTA","SHIFTS.5.descriptions_by_age.10-12","Финальная августовская смена с практическими IT-кейсами.","","todo",""
"CNT_da1ca7425d","SHIFTS","shifts","desktop","Смены","Описания смен, benefits и CTA","SHIFTS.5.descriptions_by_age.13-14","Финальная смена: AI-кейсы, проектная практика и презентация.","","todo",""
"CNT_a12e733eb0","SHIFTS","shifts","desktop","Смены","Описания смен, benefits и CTA","SHIFTS.5.descriptions_by_age.7-9","Финальная смена: закрепление навыков через игровые IT-кейсы.","","todo",""
"CNT_712acd8527","SHIFTS","shifts","desktop","Смены","Описания смен, benefits и CTA","SHIFTS.5.direction","ai","","todo",""
"CNT_c6c3ed1b56","SHIFTS","shifts","desktop","Смены","Описания смен, benefits и CTA","SHIFTS.5.id","shift-6","","todo",""
"CNT_7c3b32e22a","SHIFTS","shifts","desktop","Смены","Описания смен, benefits и CTA","SHIFTS.5.line","6 смена","","todo",""
"CNT_035f71a2d3","SHIFTS","shifts","desktop","Смены","Описания смен, benefits и CTA","SHIFTS.5.nextCta","Смотреть даты и цены смен","","todo",""
"CNT_c21ad37ace","SHIFTS","shifts","desktop","Смены","Описания смен, benefits и CTA","SHIFTS.5.summary","Финальная августовская смена с практическими IT-кейсами.","","todo",""
"CNT_9723d13290","SHIFTS","shifts","desktop","Смены","Описания смен, benefits и CTA","SHIFTS.6.benefits.0.text","Финальная программа по выбранному направлению","","todo",""
"CNT_5409b1f6e0","SHIFTS","shifts","desktop","Смены","Описания смен, benefits и CTA","SHIFTS.6.benefits.1.text","Прозрачные даты, цены и условия бронирования","","todo",""
"CNT_577e80a7b2","SHIFTS","shifts","desktop","Смены","Описания смен, benefits и CTA","SHIFTS.6.benefits.2.text","Подтверждение смены и организационных деталей","","todo",""
"CNT_1b8e4d508c","SHIFTS","shifts","desktop","Смены","Описания смен, benefits и CTA","SHIFTS.6.direction","pro","","todo",""
"CNT_7e94419af3","SHIFTS","shifts","desktop","Смены","Описания смен, benefits и CTA","SHIFTS.6.id","shift-7","","todo",""
"CNT_6b147ef500","SHIFTS","shifts","desktop","Смены","Описания смен, benefits и CTA","SHIFTS.6.line","Смена и цены","","todo",""
"CNT_4c25dd4190","SHIFTS","shifts","desktop","Смены","Описания смен, benefits и CTA","SHIFTS.6.nextCta","Смотреть даты и цены смен","","todo",""
"CNT_3ec1fe2dc5","SHIFTS","shifts","desktop","Смены","Описания смен, benefits и CTA","SHIFTS.6.summary","Финальный выбор смены, условий и бронирования.","","todo",""
"CNT_ee6aee6834","TABS","tabs","global","Навигация","Справочник табов/переходов","TABS.0.href","#program","","todo",""
"CNT_ec7b66f045","TABS","tabs","global","Навигация","Справочник табов/переходов","TABS.0.key","info","","todo",""
"CNT_7c5d84f9fc","TABS","tabs","global","Навигация","Справочник табов/переходов","TABS.0.label","О лагере","","todo",""
"CNT_51a982a9e1","TABS","tabs","global","Навигация","Справочник табов/переходов","TABS.1.href","#ai","","todo",""
"CNT_ca12e22bd2","TABS","tabs","global","Навигация","Справочник табов/переходов","TABS.1.key","aiprogram","","todo",""
"CNT_faf4804453","TABS","tabs","global","Навигация","Справочник табов/переходов","TABS.1.label","AI программы","","todo",""
"CNT_247909a4cf","TABS","tabs","global","Навигация","Справочник табов/переходов","TABS.2.href","#location","","todo",""
"CNT_da0b8d3b1f","TABS","tabs","global","Навигация","Справочник табов/переходов","TABS.2.key","location","","todo",""
"CNT_038b68f064","TABS","tabs","global","Навигация","Справочник табов/переходов","TABS.2.label","Локация","","todo",""
"CNT_4f58fcff30","TABS","tabs","global","Навигация","Справочник табов/переходов","TABS.3.href","#photos","","todo",""
"CNT_248e328d7d","TABS","tabs","global","Навигация","Справочник табов/переходов","TABS.3.key","photo","","todo",""
"CNT_82a60f5b12","TABS","tabs","global","Навигация","Справочник табов/переходов","TABS.3.label","Фото","","todo",""
"CNT_87f44d6e9b","TABS","tabs","global","Навигация","Справочник табов/переходов","TABS.4.href","#video","","todo",""
"CNT_837164250f","TABS","tabs","global","Навигация","Справочник табов/переходов","TABS.4.key","video","","todo",""
"CNT_96f93aeacb","TABS","tabs","global","Навигация","Справочник табов/переходов","TABS.4.label","Видео","","todo",""
"CNT_c4dc115803","TABS","tabs","global","Навигация","Справочник табов/переходов","TABS.5.href","#faq","","todo",""
"CNT_6f66316aa8","TABS","tabs","global","Навигация","Справочник табов/переходов","TABS.5.key","faq","","todo",""
"CNT_61378023b2","TABS","tabs","global","Навигация","Справочник табов/переходов","TABS.5.label","FAQ","","todo",""
"CNT_72f0b995a1","TABS","tabs","global","Навигация","Справочник табов/переходов","TABS.6.href","#reviews","","todo",""
"CNT_f66461df8c","TABS","tabs","global","Навигация","Справочник табов/переходов","TABS.6.key","reviews","","todo",""
"CNT_cb75cd3e76","TABS","tabs","global","Навигация","Справочник табов/переходов","TABS.6.label","Отзывы","","todo",""
"CNT_830ca93b88","TABS","tabs","global","Навигация","Справочник табов/переходов","TABS.7.href","#team","","todo",""
"CNT_55b2cb285a","TABS","tabs","global","Навигация","Справочник табов/переходов","TABS.7.key","team","","todo",""
"CNT_762c9697af","TABS","tabs","global","Навигация","Справочник табов/переходов","TABS.7.label","Команда","","todo",""
